{"stat.useItem.20":304,"stat.useItem.44":58,"stat.useItem.89":3,"stat.useItem.113":17,"stat.walkOneCm":58708,"stat.useItem.41":1,"achievement.openInventory":16,"stat.horseOneCm":756,"stat.mobKills":2,"stat.useItem.98":5,"stat.useItem.54":1,"stat.flyOneCm":103070,"stat.useItem.267":1,"stat.swimOneCm":570,"stat.jump":129,"stat.useItem.95":2,"stat.playOneMinute":15480,"stat.climbOneCm":873,"stat.useItem.109":57,"stat.damageDealt":155,"stat.useItem.17":58,"stat.killEntity.Pig":1,"achievement.exploreAllBiomes":{"value":0,"progress":["Plains"]},"stat.diveOneCm":90}