{"stat.chestOpened":4,"stat.walkOneCm":71286,"stat.useItem.minecraft.quartz_block":1,"stat.leaveGame":3,"stat.jump":283,"stat.climbOneCm":7888,"stat.fallOneCm":5725,"stat.useItem.minecraft.milk_bucket":1,"stat.crouchOneCm":7004,"stat.sprintOneCm":40252,"achievement.exploreAllBiomes":{"value":0,"progress":["Plains"]},"stat.useItem.minecraft.stone_stairs":2,"stat.craftingTableInteraction":4,"stat.useItem.minecraft.glass":4,"stat.useItem.minecraft.stone_slab":3,"stat.useItem.minecraft.ice":4,"achievement.openInventory":21,"stat.damageTaken":61,"stat.useItem.minecraft.stonebrick":1,"stat.useItem.minecraft.golden_apple":2,"stat.flyOneCm":96798,"stat.drop":41,"stat.playOneMinute":18140,"stat.timeSinceDeath":18140,"stat.useItem.minecraft.crafting_table":1}