{"stat.useItem.minecraft.bow":3,"stat.walkOneCm":137614,"stat.useItem.minecraft.stone":1,"stat.leaveGame":19,"stat.jump":908,"stat.swimOneCm":1720,"stat.fallOneCm":195579,"stat.climbOneCm":1880,"stat.crouchOneCm":302,"stat.sprintOneCm":94919,"achievement.exploreAllBiomes":{"value":0,"progress":["Plains"]},"achievement.openInventory":13,"stat.useItem.minecraft.iron_block":17,"stat.damageTaken":816,"stat.useItem.minecraft.stone_brick_stairs":8,"stat.useItem.minecraft.stonebrick":32,"stat.flyOneCm":393554,"stat.deaths":3,"stat.drop":1,"stat.playOneMinute":85168,"stat.timeSinceDeath":62189,"stat.diveOneCm":6594}