{"stat.chestOpened":7,"stat.beaconInteraction":1,"stat.walkOneCm":66077,"stat.useItem.minecraft.stone_slab":19,"stat.useItem.minecraft.torch":6,"stat.useItem.minecraft.redstone_lamp":5,"achievement.openInventory":18,"stat.leaveGame":1,"stat.useItem.minecraft.iron_block":23,"stat.damageTaken":200,"stat.useItem.minecraft.beacon":3,"stat.useItem.minecraft.cobblestone":64,"stat.useItem.minecraft.stone_brick_stairs":8,"stat.useItem.minecraft.stonebrick":66,"stat.useItem.minecraft.potion":8,"stat.useItem.minecraft.glowstone":3,"stat.flyOneCm":550893,"stat.deaths":1,"stat.useItem.minecraft.bedrock":2,"stat.drop":4,"stat.jump":106,"stat.swimOneCm":798,"stat.playOneMinute":38623,"stat.climbOneCm":1741,"stat.crouchOneCm":1392,"stat.useItem.minecraft.wool":19,"stat.timeSinceDeath":38517,"stat.sprintOneCm":10070,"stat.useItem.minecraft.stained_glass":8,"achievement.exploreAllBiomes":{"value":0,"progress":["Plains"]},"stat.diveOneCm":206}